47947,2736.4,1648.4,1169.7,0.0034774,0.0014123
37910,5800.9,2054.3,2538.4,0.058916,0.018919
30855,4235.1,1296.2,2842.9,0.019055,0.0049801
29855,5288.8,1321.2,1772.5,0.041145,0.010405
36395,3824.9,1663.3,1026.9,0.012242,0.0037742
44118,3300.3,2666,2883.5,0.0075306,0.0028142
37068,3935.3,1862.9,2646.9,0.014076,0.0044197
37632,4913.1,1753.1,2707.5,0.03062,0.0097606
25008,4458.3,1185.2,1958,0.023359,0.0049482
41657,4008.6,1463.9,2159.5,0.01446,0.0051023
39711,4514.1,2732.7,2531.3,0.02255,0.0075853
21774,2338.1,2540.5,2721.2,0.0043645,0.000805
48605,5935.9,1421,2616.2,0.061814,0.02545
49908,5476,2171.7,1706.6,0.043467,0.018376
47793,4003.8,1304.2,1544.4,0.013925,0.0056372
43049,2551,1481.1,2087.4,0.003243,0.0011826
42173,3564.4,2607.3,1745.8,0.0094307,0.003369
43345,5519.8,1424.6,1164.3,0.04582,0.016823
43039,3912.1,2833.9,1973.9,0.012947,0.0047202
26125,3340.7,1099.1,1779.6,0.0086771,0.0019202
22888,5049.9,2206.5,2777.4,0.03866,0.0074951
21761,3617,2578.4,1388.6,0.011859,0.0021859
24412,3067.2,2309.5,2797.7,0.0075022,0.0015514
38692,4412.6,1259.7,1629.8,0.020544,0.0067333
41434,5127,1940.2,2212.9,0.036059,0.012655
31668,4431.5,1541.4,2898.2,0.022368,0.0060003
28899,4935.3,2250,1645.9,0.032011,0.0078361
29321,4336.3,1633.6,2581.9,0.021582,0.0053603
37648,4809.8,2976.5,2986.6,0.028868,0.009206
42870,5261.2,2557.8,1155.7,0.039321,0.014279
39951,4247.1,2408.8,1854,0.017681,0.0059835
33946,2142.9,2811.8,2951.6,0.0028786,0.00082772
33628,5815.5,2931,1407.4,0.056573,0.016115
34100,5542.8,1454.8,1594.5,0.048161,0.013911
42334,4668.2,1006.3,1801.5,0.024554,0.0088052
22037,2632.4,1247.3,1239.8,0.004545,0.0008484
39854,4609,2817.4,2895.4,0.024798,0.0083714
21847,5060.8,2851,1635.4,0.037431,0.006927
40525,3399.8,2984.8,2885.2,0.0085504,0.0029351
26466,5913.4,2284.1,2265.7,0.063854,0.014315
44383,3293.6,2265,2623.3,0.0073483,0.0027626
49536,5326.2,2973.9,2674.7,0.039436,0.016547
38453,4824,2781,2191,0.028923,0.0094209
35545,2925.1,1653.1,2730.3,0.0054617,0.0016445
31386,2335.7,2079.3,2873.8,0.0035405,0.00094127
27975,5099.4,1822.9,1274.6,0.03681,0.0087228
27146,2180.8,2215.7,2750,0.0033174,0.00076283
39209,2225.8,2573.8,1752.9,0.0022904,0.00076071
27794,2575,1133.5,2723.9,0.0045482,0.0010708
36742,2893.6,2368.1,1780.8,0.0047589,0.0014811
23816,4758.6,2863.5,2035.1,0.031576,0.0063701
40061,2445.8,1857.2,1269.4,0.0026784,0.00090889
24914,3910.2,2848.5,2708.9,0.01577,0.003328
41399,2495.5,1772,1685.4,0.0029338,0.0010288
36052,5977.3,1890.1,1946.8,0.062384,0.019051
25585,2134.1,2956.5,1475.5,0.0024912,0.00053988
41038,5777.7,2513.7,1868.3,0.055772,0.019387
49291,4265,1850.2,1669,0.017492,0.0073034
31145,5439.4,1778.4,1415,0.044887,0.011842
41586,3718.7,2194.7,2221.8,0.011051,0.0038929
30457,3056.4,2575.6,2170.4,0.0063206,0.0016307
23326,3727.2,2921.1,1227.4,0.012838,0.0025366
28662,5508.5,1563.5,2410.5,0.051105,0.012408
25317,5797.8,1865.7,2453.5,0.05923,0.012702
32687,5521,1316.4,2608.6,0.047457,0.01314
44937,5838.2,1576.6,2852,0.056186,0.021387
24824,4593.7,1789.4,2769.6,0.02704,0.0056859
29943,3263.6,2313.4,2925.2,0.0083078,0.0021072
31577,3230.1,1715.7,2116.9,0.0074069,0.0019812
36957,2097.9,2459.5,1077.7,0.001797,0.00056254
32275,3721.5,1084.7,1422.2,0.011584,0.0031671
31884,3337.2,2923,1656.8,0.0080144,0.0021645
21135,2369.3,1828.5,1137.2,0.0033098,0.00059255
30938,3628.6,1631.6,2864.6,0.011596,0.003039
33410,5226.3,2476.8,2303.7,0.040343,0.011417
28879,3140.6,2667.2,2219.3,0.007015,0.001716
31956,3052.4,2820.6,2563,0.0063715,0.0017247
48515,2424.1,1260.7,2115.7,0.0026265,0.0010794
33320,2487.6,2675.8,1833,0.0032715,0.00092336
22560,4965.9,2734.3,1167.6,0.035575,0.0067984
23226,5198.2,2697.1,2407.8,0.041786,0.008221
40832,3612.5,2609,2904.6,0.010409,0.0036002
44188,3355.3,2792.5,2780.5,0.0078722,0.0029466
43759,2060.6,2838.7,1322.3,0.001601,0.00059342
23251,4296.8,2113.9,1847.5,0.021198,0.004175
36532,3101.9,2718.6,1697.6,0.0060259,0.0018647
44696,3557.2,2682.6,1171,0.0089349,0.0033828
43145,2991.4,2864.2,1914.5,0.0050805,0.0018567
30986,2543.3,2337.6,1950.9,0.0036759,0.00096482
25238,3383.1,1100,1965.3,0.0091853,0.0019636
38157,3680.4,2567,1125.8,0.01058,0.0034196
35822,4115.4,2518,2832.9,0.016834,0.0051081
46693,3179.2,1165.5,2957.2,0.0065579,0.0025938
24244,2723.8,2505.7,2521.4,0.0051981,0.0010675
30692,5346.1,1530.8,2582.3,0.042782,0.011122
36719,3713.9,1367.3,1006.5,0.011065,0.0034417
25370,2939.7,1675,1577,0.00573,0.0012314
46913,5637.8,1068.8,2822.5,0.051582,0.020497
35481,5219.3,1983.1,1438.1,0.04006,0.01204
49456,2645.7,1802,2571.6,0.0036259,0.001519
38149,5400.4,2186.7,1983.7,0.043908,0.014189
36941,2685.4,2201.5,2683.7,0.0043749,0.001369
22381,4545.5,1930.4,1266.9,0.026723,0.0050661
20381,4690.4,1995.6,2106.3,0.029749,0.0051358
42677,4556,2526.2,1329.5,0.02235,0.0080796
34374,5584.8,1379.1,2140.5,0.04968,0.014465
42390,5091,1028.8,1806.9,0.035264,0.012662
39098,5582.1,1918.8,2640.8,0.050169,0.016615
23436,5893.1,1838.2,2244.6,0.063561,0.012618
37527,5232.9,2912.2,2599.7,0.039022,0.012404
42492,2581.2,2653.4,1029.3,0.0030868,0.001111
28203,5644,1806.5,2874.1,0.057345,0.013699
46372,5721.3,1131.1,1048.9,0.053339,0.020952
46411,4948.3,1495.9,2307.4,0.030247,0.011891
30433,4055.8,2543.1,2645.3,0.016331,0.00421
44623,5882.6,2202.4,2906.5,0.057712,0.021814
47230,2992.8,2897.9,2705.4,0.0052437,0.0020978
38302,2233.5,1977.1,2846.4,0.002865,0.00092953
28027,3033.4,1162.6,2605.1,0.006645,0.0015776
35615,3161.9,2456.8,1662.3,0.0064309,0.0019401
44419,5140.2,1819.6,1729.9,0.035918,0.013514
26921,3481.2,2069.1,1432,0.0096739,0.002206
35690,4702.6,2762.3,2318.9,0.026164,0.0079099
21889,3461.5,2218.6,2692,0.011195,0.0020756
31547,3465.9,2114.8,2314.1,0.0093791,0.0025063
32761,5373.2,1194.8,2272.5,0.043335,0.012026
30101,5414.2,1750.1,1979.6,0.045186,0.011521
45172,4399.6,1040.7,1930.1,0.020093,0.0076883
21142,4370.5,2129.2,1074.9,0.023422,0.0041945
45242,2599,2657.3,1929.7,0.0033057,0.0012668
23095,2266.8,1948.2,1804.8,0.00321,0.00062798
22698,3168.1,2588,2176.2,0.0079442,0.0015274
48206,2780.1,1051.9,2698.9,0.0041335,0.0016879
21643,5019.5,2294.9,1485.1,0.036374,0.0066684
49696,3839,2951.4,2638.7,0.012069,0.0050804
43794,5240,2935.4,1385.3,0.039082,0.014498
22996,4613.6,2964,2803.1,0.029139,0.0056759
39267,2285.6,2698.5,1944.5,0.0024658,0.00082015
26272,3677.3,1237.5,1927.3,0.011946,0.0026585
31279,2919.1,1394.5,1505,0.0050872,0.0013479
23999,4522.8,2603.1,2180.9,0.025649,0.005214
25343,3157.7,2778,2498.1,0.0077676,0.0016675
45576,5306.8,2131.9,2546.3,0.040885,0.015784
22473,5590.2,1673,1513.3,0.052458,0.0099859
29675,3135,1768.2,2794.5,0.0073175,0.0018394
31106,3188.6,2738.6,1691,0.0069425,0.0018292
24398,2282.2,1234.4,2894,0.0039843,0.00082341
21478,5254,1111.3,2836,0.043428,0.0079007
35879,3801.7,2909.1,2103.3,0.012341,0.0037506
34938,5738.1,2614.1,2660.5,0.054589,0.016155
29116,5130,2121.5,1392.2,0.03678,0.0090709
34503,5068.4,2727.6,1520.2,0.036046,0.010535
41104,3186.2,2077.4,1592.4,0.0062963,0.0021922
24526,3235.8,2161.1,2867.1,0.0087971,0.0018276
26576,4326.7,1511.4,1818.9,0.020966,0.0047199
21035,2477,2846.6,1405,0.0039315,0.00070051
30206,5944.5,2831.2,1938.2,0.068094,0.017423
46162,4164.3,2482.8,2251.3,0.016131,0.0063075
48557,4099.8,2276,1996.8,0.015338,0.0063084
48156,5363.3,2685.4,2775.8,0.041019,0.016732
20884,4852.5,2413.9,2772.6,0.033652,0.0059531
45521,5504,2494.1,2474.9,0.047009,0.018126
40260,5968.9,2820,1305.6,0.065505,0.022339
38866,4747.8,2797.1,2516.1,0.027669,0.0091089
49013,2346.9,1583,2286.4,0.0025124,0.0010431
32448,2194.7,2842,1207.4,0.0022565,0.00062021
34429,2808.1,1145,1256.9,0.004256,0.0012412
21238,2469.2,2970.3,2145.4,0.0043194,0.00077704
48078,3254.8,2379.4,1198.3,0.0064244,0.0026163
48329,5151.6,1250.8,1498.2,0.034664,0.01419
48380,3313.7,1080.6,1731.4,0.0069577,0.0028513
42151,2027.1,1939.4,1634,0.0016337,0.0005833
28365,5430.5,2184,2325.5,0.048389,0.011626
25745,4031.3,1843.8,2783.3,0.017351,0.0037837
32174,3815.9,1331.6,1936.3,0.013043,0.0035545
35336,4303.4,1901,2020.6,0.019524,0.005844
30134,4722.5,2184,2472.1,0.028556,0.0072891
40621,3216.4,1194,1535.1,0.0064918,0.0022337
23962,2442.1,2261.2,1616.2,0.0035715,0.0007249
40123,4169.9,1376.6,1300.5,0.016544,0.0056228
45955,5531.3,2474,2124.3,0.047794,0.018604
40578,4085.7,2328.5,1768.3,0.015567,0.0053508
39342,4567.8,1514.7,1111.6,0.023428,0.0078075
36042,2503.5,2208.8,2204.6,0.0033624,0.0010265
28504,3731.3,1811.3,2088.6,0.01231,0.0029722
40732,2907.8,2047.4,2198.8,0.0048123,0.0016604
47248,3948,2856.6,1735.6,0.013273,0.0053122
24189,2295.4,1254.5,1949.1,0.0033042,0.00067702
25524,2941.1,2422.5,1068.6,0.0055246,0.0011944
46101,4737.4,2270.9,1603.8,0.02612,0.0102
32646,5602.9,2297.4,2112.7,0.049754,0.013759
26649,5316.6,2357.5,2441.8,0.046335,0.010459
27995,4535.4,2585.8,1843.5,0.024489,0.0058072
34134,5702.5,2790.9,2316.6,0.052951,0.01531
47361,3244.3,1832.5,1488.7,0.0064319,0.0025803
37122,3442.5,1329.8,1941.6,0.0085493,0.0026883
39699,3412,1467.1,2339.7,0.0083966,0.0028236
24219,5422.9,2554.8,2197.5,0.047766,0.0097993
40475,4462.1,2743.3,2024.6,0.021045,0.0072151
44735,2653.3,1139,2293.8,0.003695,0.0014002
31456,4256.8,1860.1,2243.5,0.018849,0.0050223
33771,4928.5,2039.1,1892.1,0.032577,0.0093191
32145,3686.6,1757.7,1590.7,0.011244,0.0030615
36002,2462.1,2198.8,2791.6,0.0035261,0.0010753
24584,4095.3,1812.4,1317.2,0.017318,0.0036064
42052,5918.4,2397.1,2508.4,0.06114,0.021778
23882,4975.4,1506.5,1355.3,0.036184,0.0073199
26948,2959.2,1472.4,2328.7,0.0060787,0.0013876
48683,2929.8,2418.1,2497.6,0.0047732,0.0019683
32015,2531,2091.9,1557.9,0.0034056,0.00092352
29396,3379.1,2444.3,2421.9,0.0089823,0.0022366
23770,3011.5,1773.6,2949,0.0073745,0.0014848
39052,4910.7,2650.1,2011.2,0.03068,0.010149
38926,5559.9,1086.7,2511,0.049403,0.016289
30260,4980.7,1666.2,2326.1,0.03349,0.0085843
33533,3945.6,2979.5,1277.2,0.014273,0.0040541
34224,2823.5,1620.4,1183.1,0.0043321,0.0012559
47877,2174,2961.7,2814.6,0.0023237,0.00094236
47399,5158.3,2058.7,1202.6,0.03476,0.013956
26818,3788.9,2786,2438.4,0.013499,0.0030664
33102,4946.9,2916,2849.5,0.033917,0.0095101
30173,4255.4,1539.7,2386.4,0.019376,0.0049522
23719,4286.8,2065.5,1098,0.020375,0.0040935
31721,2745,1736.2,2175,0.0044443,0.0011942
36359,4892.4,1875.5,2288.7,0.030046,0.0092536
30044,3114.8,2955,2997,0.0073064,0.0018594
49407,4406.8,1643.9,2227.9,0.019696,0.0082428
39374,4952.7,1733.2,1396.3,0.031416,0.010478
38389,3276.8,1848.9,2231.2,0.0073586,0.0023929
29621,5116,1017.9,2313.9,0.036569,0.0091755
22873,3919,2991.7,2658.3,0.01599,0.0030981
20443,5675.3,1057.6,2279.2,0.060699,0.010511
45930,4317.2,2753.7,1726.4,0.018221,0.007089
31501,4188.4,2323.6,1719.2,0.017564,0.0046865
48713,5339.9,1336.6,2860.8,0.040059,0.016529
45132,5574.5,1512.4,1826.1,0.048642,0.018595
27029,2126.5,1676.8,2805.4,0.0031869,0.00072966
39490,2586.5,2028.1,2854.7,0.0039061,0.0013066
35304,3371.6,1207.4,1225.3,0.0078868,0.0023585
45278,2854.3,2639.2,1174,0.0040909,0.001569
48750,2589.6,2560.8,2696.3,0.0034642,0.0014305
45445,2187.3,2812.2,2941.1,0.002501,0.00096277
22069,3529.9,2227.5,2228.5,0.011434,0.0021375
32968,5446.6,2754.7,1676,0.045011,0.01257
38822,3977.8,1490.9,1733.2,0.014179,0.0046626
37179,3607.1,2355.8,2235.5,0.010301,0.0032442
44267,2631.1,2496.2,1205.2,0.0032958,0.0012358
27429,3085.5,2022.4,2090.6,0.0066958,0.0015557
25829,5134,1470.2,1258.1,0.040457,0.0088515
34967,3507.3,2880.7,2057.9,0.0094663,0.0028038
24461,3389.1,2386.3,1812.6,0.0092702,0.0019208
25992,4902.6,1534.3,2767.5,0.033972,0.0074795
29356,4289.1,1190.7,1147.3,0.019948,0.0049602
34469,3930.2,1352.2,2068.8,0.014003,0.0040885
27806,4995.5,1171,1989.5,0.034232,0.0080626
24058,5546.6,1598.6,2356.9,0.050999,0.010393
22308,2731.8,1407.6,2688.8,0.0056551,0.0010686
27263,3772,1990.8,1192.3,0.012524,0.0028921
26776,3755.9,1593.2,2934.6,0.013499,0.0030617
24945,2714.6,1961.7,2157.8,0.0048106,0.0010165
47740,3583.8,2891.2,1925.4,0.0093422,0.0037779
26230,4775,1299,2295.6,0.029875,0.0066376
29501,5386.2,1275.3,1176.8,0.044578,0.01114
43113,3741,2315.8,1057.6,0.010934,0.003993
39317,5285.1,1293.3,2786.4,0.039599,0.013188
33457,5765.2,1711.5,2714.1,0.055402,0.015701
46466,2674.7,1410.8,2137.7,0.003661,0.001441
41265,2846,1724.3,2471.5,0.0046009,0.0016082
39019,5921,2958.6,1270.1,0.063187,0.020884
28157,5555.9,2844.2,1008.2,0.053247,0.0127
27463,2705.4,1969.3,2233.6,0.0046146,0.0010735
33518,4653.5,2087.8,1767.6,0.02551,0.0072427
31610,4409.8,1528.7,2663.3,0.021789,0.0058343
33181,3131.8,2428.4,1810.6,0.0064021,0.0017994
25252,3474.1,2321.9,2589,0.01045,0.0022352
42139,3153.1,2286.9,1244.2,0.0059664,0.0021297
33302,3195.5,2983.7,1609.8,0.0067887,0.001915
26322,3402.3,1311.3,1587.1,0.0090842,0.0020254
43988,2880.6,1032.1,1448.3,0.0043472,0.0016198
45106,5033.2,2947.6,1762.3,0.032311,0.012345
48901,3532.5,1396.7,1123.5,0.0085826,0.0035551
25683,2148.5,1200.7,2093.2,0.0028482,0.00061961
41970,3123.6,1151.9,2352.8,0.0061395,0.0021826
32080,5985.2,1315.4,1511.7,0.066255,0.018004
39791,4123.5,2317.4,2627.7,0.016421,0.0055348
20404,4958.5,2251.4,2532.2,0.035842,0.0061946
44037,4019.7,2702.4,2931.8,0.014619,0.005453
32482,4282.1,2690.3,1230.8,0.018727,0.0051525
23016,5565.1,1083.7,1538.7,0.051092,0.009961
37074,4999,1181.2,1654.1,0.03215,0.010096
31843,5782.9,1906,2653.8,0.057795,0.015589
42727,5315.9,2507.5,2890,0.041258,0.014932
45771,3270.5,1043.4,1469.9,0.0066418,0.0025751
43517,2592.1,1277.3,2259.8,0.003456,0.0012739
37351,2324.1,1630,1308.2,0.0024559,0.00077701
38654,5352.8,1622.7,1248,0.041545,0.013603
37293,3015.7,2390.3,2029.7,0.0055079,0.0017399
35777,4923.9,1431.4,1528.7,0.030781,0.0093283
43276,2464.3,2242.4,1598.2,0.0027456,0.0010065
20272,3089.9,1433,1562.2,0.0074298,0.0012758
46881,4475.2,1954.2,1994.4,0.020999,0.008339
22356,3478.7,1570.4,1421,0.010399,0.0019693
49248,5053,1774.1,2013.2,0.033099,0.013808
22504,2613.2,1542.8,1596.6,0.0045425,0.00086591
33919,4226.8,1096.1,1494.9,0.018166,0.0052195
33256,2220.8,1920.8,1220.1,0.0023193,0.00065336
25283,3805.6,1044.2,2634.7,0.014411,0.0030863
43846,2178.5,2061.1,2788.1,0.0024416,0.00090681
41604,2366.3,2019,1857.1,0.0025303,0.00089171
46983,5432.7,2552.7,1215.7,0.043834,0.017445
42850,5630.6,1916.1,2837.5,0.049308,0.017897
30000,5186.9,2134.3,1570.6,0.037965,0.0096475
25217,5378.1,1147.4,1024.8,0.046966,0.010032
37192,4471.3,1452.4,2284.6,0.022419,0.0070629
36592,2112.7,2401.9,2179.5,0.0022093,0.00068479
32056,4940.1,2052.8,1351.4,0.032833,0.0089153
29126,3882,2491.9,1279.3,0.013585,0.0033516
24792,3973.2,2503.2,1688.3,0.015918,0.0033429
28551,4875.6,1295.6,1613.7,0.030717,0.0074287
35858,4777.9,1603.9,1518.3,0.027328,0.0083006
22742,3832.5,2798.3,1366.8,0.014108,0.0027176
25447,5369.2,1979.9,1073.9,0.046801,0.010088
42584,4780.9,1283.9,1390.7,0.026885,0.0096977
41181,4346.9,2149.1,2446.5,0.019427,0.0067765
33366,5954.3,1766.4,1432.7,0.062657,0.017709
43189,2095.7,1217.2,1427,0.0017298,0.0006328
33032,4056.9,1335,2525,0.016272,0.0045531
37946,4890.8,1119,1970.3,0.029883,0.0096051
34100,2011.8,2245.9,1418.1,0.0017405,0.00050273
29236,3563,1313.7,1919.4,0.010497,0.0025996
42925,5162,2205.9,2495.9,0.03733,0.013573
47537,5179.8,2673.4,2067.3,0.035517,0.014302
34352,4838.1,2547.6,1574,0.029454,0.0085706
47585,4630.2,2478.6,1524.2,0.023986,0.0096681
22774,2776.8,2164.8,1651.4,0.0050737,0.00097876
28936,5206.1,2350.5,1372.3,0.039202,0.0096085
30973,4885.7,2594.1,1998.2,0.031744,0.0083285
20844,3654.7,1440.2,1575.4,0.012441,0.0021966
37331,2825.2,2307,2927.7,0.0049562,0.0015672
45434,2570.7,2172.6,1023.9,0.0029722,0.0011438
23271,4541.5,2823.9,2347,0.026959,0.0053141
26033,5898.4,1699.4,2222.4,0.062839,0.013857
29571,4676.1,1010.8,2543.9,0.027657,0.0069277
38722,2349,2481.8,2591.3,0.0029826,0.00097829
27917,2812,1605.6,1715,0.0048316,0.0011425
22118,2358.6,1912.4,2784.3,0.0044708,0.00083762
35687,5961,2626.6,1759.3,0.061593,0.018619
26711,4146.1,1689,1895.1,0.018289,0.004138
33491,4292.4,1682.7,2901.1,0.019789,0.0056137
29008,4069.6,1121.8,2876.4,0.017084,0.0041977
41528,2412.1,2800.9,2431,0.0029136,0.0010249
44441,3214.3,1284.8,1041.3,0.0062292,0.0023449
21340,5172.2,2407.3,2921.8,0.041307,0.0074668
49101,2873.8,2144,1332,0.0041401,0.0017219
43226,5710.1,2748.1,2110.1,0.051517,0.018863
49630,3296.5,1929.5,2320.4,0.0069947,0.0029406
21537,2838.4,1702.9,2038.5,0.0058018,0.0010584
28740,2047.2,1179.8,1536.7,0.0020714,0.00050427
38496,4787.4,1188.9,1114.6,0.027918,0.0091039
22279,4141.2,1761.4,1491.9,0.018758,0.0035399
37971,5075.4,1403.4,2974.3,0.034451,0.011081
20734,4478.4,2944.4,1493.3,0.025614,0.0044986
28836,4904.2,1281.9,2268.5,0.03164,0.0077283
46766,5123.7,1389.7,1211.2,0.033997,0.013467
25016,5742.8,1524.2,2134.6,0.057112,0.012102
41896,5392.6,2884.7,2483.3,0.042342,0.015026
40880,3603.3,1257.6,2937,0.010339,0.0035803
49044,3413.5,1626.8,2886.3,0.0081093,0.0033688
43406,5169.4,2492.4,2983,0.037871,0.013924
33578,4081.1,2930,1797.7,0.016232,0.0046169
21949,4633.4,2659.7,1640.2,0.028621,0.0053212
46796,3469.9,1549.4,2368.5,0.0085439,0.0033867
37743,2201,1399.4,1642.1,0.0022272,0.00071204
39546,2804.9,1641.2,2678.1,0.0045753,0.0015326
25512,3846,1610.4,2746.3,0.014973,0.0032358
35097,2391.2,1500.7,2845.8,0.0033519,0.00099647
40022,4148.4,2601,1658.2,0.016355,0.0055444
38354,3335.2,1937.7,1631.8,0.0075619,0.0024567
31970,3538.3,1740.1,1700.1,0.0097116,0.00263
27378,2642.2,2057.5,2725.7,0.0049241,0.0011419
49561,3793.1,2097.3,1246.9,0.011188,0.004697
22581,2666.8,1229.2,1809.3,0.0049571,0.00094817
31184,2270.3,2926.4,1853.9,0.0027048,0.00071446
45055,4848.8,2789.7,2630.8,0.02826,0.010785
29059,5965.4,2395.3,2429.7,0.068892,0.016957
23132,3871.7,1363.5,1184.2,0.014484,0.002838
24133,2559.2,1286.9,1006,0.0038555,0.00078814
24874,4770.2,2404.2,1084.1,0.030524,0.0064315
49207,4797.1,2883.3,2851.4,0.027788,0.011582
20038,5902.2,1272.5,1886.3,0.073029,0.012396
27072,2277.4,1347.1,2001.3,0.0030479,0.00069892
28187,3220.1,2515.9,2262.4,0.0077093,0.0018407
38065,5057.7,1158.1,2027.5,0.033491,0.010798
29437,5641.7,2568.5,1118.7,0.054856,0.013678
48237,2272.7,1565.8,1621.6,0.0020982,0.00085731
49000,2870.7,1339.4,2365.4,0.0044173,0.0018334
35652,2205.8,1186.2,1889.9,0.0023947,0.00072318
36563,5359.2,2966,2603.4,0.044423,0.013758
48971,5115.8,2460.8,1837.9,0.034217,0.014194
33712,3707.8,1613.3,2914.4,0.011902,0.0033986
34566,3521.2,1618.5,1648.7,0.0094391,0.0027638
33004,3104.6,2730.7,2816,0.0067852,0.0018969
36880,5040.7,1845.5,1717.8,0.033353,0.010419
20496,2087.1,2907.8,2215.1,0.0031892,0.0005537
20990,2144.4,1046.8,1774.8,0.003032,0.00053908
26338,5496.9,2677.5,1291.9,0.05094,0.011364
24314,3288.1,1645.2,2519.7,0.0088967,0.0018323
48496,2677.5,2466.7,1253.9,0.0033859,0.0013909
42524,4741.2,2303,2839.4,0.026537,0.0095586
26997,2848.2,1071.5,2595.7,0.0056324,0.001288
38626,5750.7,1550.4,1548.8,0.057182,0.018709
43941,4065.4,1383.2,2656.3,0.01505,0.0056018
25177,3784.4,1680.6,1839.5,0.013625,0.0029057
25712,3486.6,2155.3,1311.9,0.0097565,0.0021249
22824,3623.2,1567.6,2118.5,0.012206,0.0023599
29382,3891.9,2637.9,1567.9,0.013784,0.0034305
39385,4857.4,2110.8,1340.4,0.029488,0.0098378
24759,3761.2,1219.7,2409.5,0.013747,0.0028831
28716,5023.8,1349.2,1010.9,0.034,0.0082705
21273,4482.3,2815.8,1782.2,0.025777,0.0046449
21417,3816.2,2916.8,2331,0.014745,0.002675
47925,2952.2,2015.8,2058.3,0.0047534,0.0019297
35934,3366.4,1476.8,2434.9,0.0082299,0.0025051
28521,5853.2,1933.4,2183.6,0.064283,0.01553
24097,2651.7,2098.9,1036.2,0.0043466,0.00088721
43653,3510.1,2424.5,1463.8,0.0086247,0.0031892
45035,5110.5,2860.5,1845.5,0.0346,0.013199
34629,2536.8,1220.1,1711.4,0.0033703,0.00098862
43764,2794.2,1109.7,2381,0.0042047,0.0015587
20612,2117.1,2124,1748.3,0.0029497,0.000515
27211,4312.1,2095.8,2224.6,0.021012,0.0048432
40646,3955.6,1392.6,1479.2,0.013732,0.0047278
31597,4020.5,2532.7,2344.7,0.015715,0.004206
33962,5064.8,1375.6,2050.3,0.036345,0.010456
49265,5726.6,1342.8,2625,0.053972,0.022523
20092,3992.7,1578.2,1347.8,0.017566,0.0029896
43458,5251.9,2083.6,2871.4,0.039868,0.014676
49397,3322.6,2345.6,1615.9,0.0069705,0.0029166
38751,5669.3,2919.5,2586.2,0.054266,0.017813
28615,4961.2,2235.2,1401.6,0.032586,0.0078984
42908,2154.4,2758.3,1416.4,0.0018836,0.00068461
46204,4598.1,2805.4,2061.9,0.023739,0.009291
43699,3062.9,2326.2,2880.2,0.0058973,0.0021829
47629,2945.3,1816,2618.1,0.0049388,0.0019925
36913,4212.1,1122.3,2370.7,0.017796,0.0055644
41858,2051.4,1911.3,2413.2,0.0019843,0.00070356
33744,4528.5,2301.8,1139.2,0.022659,0.0064766
27884,3500.4,1266.8,2075.6,0.010078,0.0023804
30745,2397,2020.3,1830.5,0.0030376,0.0007911
44290,2320.8,2373.5,1356.8,0.0022729,0.00085271
36985,5406.4,1239.4,1264.9,0.045194,0.014159
33163,3346.3,1953.3,2585.9,0.0084737,0.0023804
23855,2969.1,1426.2,1274,0.0059304,0.0011983
39434,3042.7,1885.6,1370.7,0.0053784,0.0017966
44899,3999.9,1678.1,2031.6,0.014029,0.0053353
30370,2765.8,2892.7,1387.2,0.0042923,0.0011042
21597,3632.3,2619.7,1638,0.01215,0.0022228
46257,4820.6,2769.6,2403.4,0.027913,0.010937
35048,2743.6,2530.3,1133.1,0.0038895,0.0011547
31350,3275.8,1408.2,1968.2,0.0076982,0.0020443
25643,5551.7,1527.6,2565.8,0.052843,0.011478
40390,3708.8,2189.8,1413.5,0.010679,0.0036535
27292,3358.7,2855,1095.6,0.0084608,0.0019559
48007,5825.8,2644.8,2323.3,0.057733,0.023477
20306,3004.7,2942.4,2341.3,0.0073859,0.0012704
37846,3745.4,2132.5,2416.9,0.011869,0.003805
44545,5878.5,1859.1,2083.7,0.057203,0.021584
44505,3444.9,1278.9,2568.2,0.008465,0.0031912
49775,2961.9,2898.3,2761.1,0.0050381,0.0021242
45487,5448.5,1290.2,2614,0.04549,0.017528
40420,2329.4,1560.3,1975.2,0.0025829,0.00088433
24161,3555.5,1488,2566.9,0.011679,0.0023903
48771,4454,1384.3,1673.6,0.02015,0.0083246
26750,3360.6,1245.8,1152.8,0.0085296,0.0019327
47471,2856.9,2605.8,2311.3,0.0043634,0.0017545
23785,3331.9,1008.9,1298.9,0.0086452,0.0017418
45703,2073.2,1088.1,1042.5,0.0015502,0.00060011
30730,4618.8,2489.1,1369.4,0.02607,0.0067859
41919,2103.8,1945.3,1692.5,0.0018423,0.00065418
20683,4075.3,2629.1,2445.6,0.019412,0.003401
44536,4104.3,2796,2149.3,0.015304,0.0057733
49354,2189.2,2670.7,2742.1,0.0022876,0.00095636
27251,3700.2,2611.9,1787.2,0.01192,0.0027515
21667,4277.7,2747.9,2301.2,0.022429,0.0041165
23925,5614.1,1877.6,2649.2,0.053189,0.010779
43218,5396.4,1826.7,1140.6,0.042802,0.015669
34794,4584.6,1657.1,1589.2,0.02371,0.0069879
40810,3941.6,1837.9,1679.6,0.013533,0.0046782
22717,3264.3,2486.8,1483.9,0.0083609,0.0016088
30409,2770.6,1493.6,2009.4,0.0045662,0.0011762
44915,4537.9,2693.7,1044.8,0.022334,0.0084972
47489,2637,1351.7,1507.7,0.003288,0.0013226
46352,5618.2,2190,2195.9,0.050514,0.019833
38058,2437.9,1215.8,2079.3,0.0029756,0.00095924
48044,5657.5,2500.8,1442.6,0.051851,0.021101
34679,5942.6,1031.1,1990.8,0.061116,0.017953
49641,4231.8,2211.5,2692.5,0.017399,0.007316
33076,5875.8,2706.7,2527.3,0.060057,0.016826
20333,3626.8,1547.8,2629.7,0.013086,0.0022539
27944,3032,1091.5,1962.3,0.0062328,0.0014753
45308,3068.3,2075.1,2151.8,0.0055392,0.0021258
43316,4987.2,2871.9,1339.4,0.031941,0.01172
35144,2215.2,1168.1,2980.2,0.0030579,0.00091031
21581,2802.4,2043.3,2128.4,0.0056569,0.0010341
28237,3207.1,2311.4,1032,0.0070675,0.0016905
48882,5653.3,2968,1501.2,0.050863,0.021061
46004,2312.3,1587.8,1932.3,0.0023503,0.00091586
32095,5202.7,1115.5,1302.2,0.038652,0.010508
43292,4734.4,1449.2,2752.8,0.02612,0.0095786
27845,2996.7,1021.8,2740.9,0.0065366,0.0015417
47859,3692.4,1129.8,1723.5,0.010292,0.0041723
22546,3226.9,2017.8,1652.5,0.0081509,0.0015566
32357,4500,1794,2007.1,0.02287,0.0062683
39806,2403.7,2728.9,1761.8,0.002673,0.00090128
20477,4033.6,1252.5,1702.4,0.018249,0.0031653
28097,5974.5,2036.2,1035.7,0.067811,0.016139
44475,4249.9,2807.5,1190.5,0.017313,0.0065222
49182,2448.2,1005.2,2576.5,0.0028674,0.0011946
22155,2308.5,1997.1,1365.5,0.0032212,0.00060451
41232,5886.6,1464.1,2820.9,0.060901,0.02127
22202,3286.6,1897.8,2633,0.0095325,0.0017927
38967,5745.9,2631.7,2275.8,0.057182,0.018874
30164,4117.3,1289.8,2685.2,0.017273,0.0044133
24035,5012,2453.8,1626.6,0.037207,0.0075748
40958,2816.1,2767,1848.7,0.0042145,0.0014622
29749,2158.7,1125.6,2829.5,0.0031074,0.00078303
20829,2342.1,2103.7,1100.1,0.0033982,0.00059956
37137,2796.1,2980.5,1514,0.0041619,0.0013092
20640,5333.5,2997,1375.2,0.045859,0.0080175
47312,5728.5,1670.4,1698.7,0.054124,0.021691
45649,3211.2,1066,1680,0.006279,0.0024279
43084,3048.4,2686.2,1682.3,0.0053327,0.0019462
23043,5480.6,2034.5,1859.7,0.048589,0.0094839
41141,4621.9,2166.1,1157.1,0.023792,0.0082913
28999,4354.5,1205.7,1216.1,0.021252,0.0052204
37709,5458.6,1271.8,1794.3,0.046515,0.014858
44020,4160.3,1263.7,1560.2,0.016016,0.0059721
30245,4364.6,2193.1,1063.8,0.020912,0.0053576
26546,2533,1569.1,2432.7,0.004244,0.00095432
35285,5757.9,2319.8,2169.1,0.055155,0.016485
42636,2602.5,1785.1,2515.6,0.0036325,0.0013119
47151,3811.6,1413.4,2002.7,0.011569,0.0046205
32375,4698.4,2987.6,2284,0.027611,0.007572
28599,2416.3,2622,1098.9,0.0029808,0.0007221
36676,2239.6,1203.8,1079.6,0.002227,0.00069187
46646,5609.4,2080.9,1380.1,0.050127,0.019806
40203,3384.8,1519.1,2133.6,0.0080781,0.0027509
37510,5843.9,1651.4,1436.5,0.0597,0.018969
46838,3242.2,1870.2,1879.3,0.0065255,0.0025889
34776,3696.9,1992.2,1957.1,0.011219,0.0033048
31804,2319.9,1776.1,2579.9,0.003241,0.00087313
38433,3585,2383.3,2969,0.010272,0.0033441
33823,4210.1,2559.9,2389,0.018302,0.0052435
28384,3419.2,2565,1325.8,0.008995,0.0021626
48373,5229.1,2136.7,1841.4,0.036628,0.015008
28400,4199.8,1026.5,2391.6,0.019316,0.0046467
40783,2577.8,2668.4,1015,0.0031238,0.0010791
39191,3167.9,1749.8,1906.4,0.0063309,0.0021017
23931,4237.7,2146.3,2504.4,0.020207,0.0040961
39662,5907.9,1701.2,2955.1,0.063737,0.021414
40506,4917.4,2484.3,2558.2,0.031363,0.010761
25786,4814.3,1654.7,2065.6,0.031185,0.0068115
36432,2787.3,1460.6,1910.1,0.0042748,0.0013192
40681,2383.8,1355.9,1984.2,0.0026651,0.00091838
45918,4050.7,1783.5,2297.7,0.014771,0.0057452
42361,4876.7,2410,2023.6,0.02965,0.010639
35743,5280.4,2174.4,2561.8,0.042359,0.012825
47081,2377,2177.6,2540.8,0.002669,0.0010644
22656,3823,2723.4,1242.7,0.013951,0.0026773
22401,4552.9,1048.2,2999.6,0.028163,0.0053441
40291,4865.7,1153.6,1496.1,0.02984,0.010184
24613,4765.2,2941,2349.1,0.031339,0.0065338
37424,3778.3,1002.4,1031.2,0.011736,0.0037203
41455,3608.3,1038.1,1891,0.0098721,0.0034665
48438,3958.1,2802.1,1459.9,0.013097,0.0053735
33230,2199.8,1723.4,2382.9,0.0027231,0.00076648
33669,2058,1637.2,1447.2,0.0018747,0.00053464
46750,4860.5,2126.4,2809.3,0.028949,0.011464
21812,4577.2,1695,1251.5,0.027322,0.005048
20758,2861.9,1892.7,2757.8,0.006704,0.0011788
40228,5007.7,2853.1,1709.7,0.032913,0.011215
44813,2681.3,2236.2,2600.5,0.0039421,0.0014964
32835,5214.9,2197.8,2651,0.039994,0.011124
41726,5293.9,1798.3,1288,0.039586,0.013991
31780,4869.2,1967,2961.6,0.032112,0.0086442
22161,5621.9,1600.5,1661.3,0.054168,0.010168
27621,4334.2,1231.5,2607.5,0.021605,0.0050547
33682,2032.9,2062.4,1550.4,0.0018417,0.00052547
27571,5486.3,2643.2,1103,0.051027,0.011917
21919,2890.3,2292.3,1201.4,0.005613,0.0010421
25049,4978.8,1821.8,1172.9,0.036348,0.0077121
37698,2304,1972.2,1960.4,0.0025771,0.00082292
45552,5278.1,2975.2,2502.1,0.039883,0.015389
22949,3307.7,1458.6,2014.8,0.0090016,0.0017498
46702,3099.2,2646.9,1555.8,0.005524,0.0021853
34180,2244.8,1742.7,2762.4,0.0030627,0.00088674
36643,2162.1,2385.7,1824.2,0.002208,0.00068534
32394,4421.6,1156.6,2109.3,0.021364,0.0058623
35197,2209.8,1942.1,2973.1,0.0030321,0.00090398
42548,2408.3,1980.8,1547.6,0.0025535,0.00092031
43603,3429.8,2450.8,1235,0.0079232,0.0029264
35434,5804,1646.2,1319.3,0.056303,0.016899
20078,3451.1,1790.9,2545.5,0.011252,0.0019137
38216,3733.8,2071.9,2094.3,0.011526,0.0037309
24856,4378.6,1213.4,1107.3,0.02154,0.0045352
39508,3983.5,1924,2938.9,0.014825,0.0049614
42461,5808,1365.3,1864,0.055561,0.019984
35384,2515.9,2688.8,1187.3,0.0030878,0.00092548
26490,4726.7,1696.1,2948,0.029035,0.006515
46307,4486.5,2346.2,1314.8,0.021281,0.0083475
36770,3024.7,1883.5,1789.1,0.0055114,0.0017166
48266,4899.9,1713.1,2252.9,0.029759,0.012167
39745,2505.2,1615.8,2267.3,0.0032436,0.001092
35241,5145,1135.3,2240.4,0.038104,0.011375
26889,3492.8,2157,1321,0.0097445,0.0022195
22925,4561.1,2338.6,2342.5,0.027647,0.0053688
26005,4091,2757,2670,0.018059,0.0039781
42095,2913.3,1854.3,1129.3,0.0044844,0.001599
29179,5209.4,2389.7,1134.1,0.039008,0.0096412
31689,3406.4,2225.7,2166.1,0.0088015,0.0023625
45726,4639,2434.3,1055.9,0.024153,0.009355
26626,2475.2,1719.8,2032.9,0.003724,0.00083989
49717,4432.8,1575.4,2512.4,0.020215,0.0085133
44797,5561.2,1113.3,1233.3,0.047924,0.018185
28963,3319.3,2537.7,2404.2,0.0085069,0.002087
38886,2252,1872.1,1739.8,0.0023835,0.00078508
34313,3201.7,1075.6,2942.4,0.0074319,0.0021601
20929,2354.4,2764.3,1363,0.0035555,0.00063034
32253,4795.2,1166.4,2396.2,0.030186,0.0082468
42256,4380.6,1989.6,1348.7,0.019671,0.0070411
27654,3496.4,1390.8,1403.6,0.009762,0.0022867
25557,2626.1,2403.8,2778.6,0.0050754,0.0010987
33427,5321,1484.3,2123.9,0.042538,0.012045
31237,5859.6,2716.7,1334.5,0.061645,0.016311
21220,4184.6,2273.5,1636.4,0.020467,0.0036789
25886,2670.3,2003.8,1874.3,0.0046269,0.0010145
45867,4572.9,2084.9,2664.6,0.023514,0.0091359
25476,5343.4,1805.6,1897.9,0.046397,0.010012
39117,4569.1,1196.8,2962,0.024333,0.0080627
20526,5784.7,1102.6,1750.6,0.065286,0.011351
46963,2759.7,2827.8,2614.4,0.0040592,0.0016148
34024,5410,2433.5,1784,0.044953,0.012956
30829,4682.8,2213.4,1359.2,0.027309,0.0071315
37909,3639.4,2773.4,2271.1,0.010529,0.003381
32461,2003.1,2649.5,2277.9,0.0021227,0.00058367
28772,3021.1,1474.8,1981.8,0.006111,0.0014893
37437,4800.5,2143.5,2437.5,0.028298,0.0089735
36690,2656,1635.9,2745.8,0.004286,0.001332
41765,5835.4,1400.1,1326.1,0.057306,0.020273
43484,4674.7,2596,2172.1,0.024689,0.0090939
23193,2662.8,2363.9,2018.1,0.0049663,0.0009757
28457,3569.5,1301.4,2163.1,0.01074,0.0025888
42014,5311.6,2993,1435.3,0.040205,0.014308
35977,2386.2,1160.3,2755.5,0.003237,0.00098646
26243,3489.5,2332.1,1162.6,0.0096808,0.002152
37026,5790,2824.7,2917.8,0.058308,0.018287
21314,4818.3,2241.1,2361.1,0.032699,0.0059036
41162,5760.9,2248,2456.2,0.055135,0.019224
41501,3897.6,2258.2,2455.4,0.013073,0.0045957
20544,5083.9,1903,2186.2,0.038696,0.0067337
40166,4424.4,1747.2,1411.7,0.020241,0.0068868
29881,3080.9,2680.3,1070.9,0.0060705,0.0015365
49310,4126.8,2510.6,1444.9,0.015465,0.0064595
30588,2951.3,2048.8,2958.1,0.0061783,0.0016008
24621,3665.1,2454.2,2528.6,0.012789,0.0026671
42296,4076,2004.2,1814.9,0.015203,0.0054468
42692,4519.9,2876.5,2350.6,0.022114,0.0079969
48450,5297.7,2151.9,2099.9,0.03858,0.015833
35809,3796.2,2222.9,2062.7,0.012265,0.0037203
46136,4038.6,2858.9,2735.3,0.014813,0.005789
49085,4445.5,1692.7,1541.4,0.020002,0.0083162
23670,4750.6,1926.3,2096.7,0.031429,0.0063014
34752,5981.6,1015.7,2363.2,0.062818,0.018492
21441,4100.6,1765.4,2620.7,0.019446,0.0035317
20787,4603.9,2288.2,2918.8,0.029093,0.0051228
24712,5092.3,2599.5,1913.6,0.039496,0.0082675
22460,4137.6,2420.2,2945.1,0.019708,0.0037495
29700,3877.1,2012.4,2666.8,0.014223,0.0035781
35014,3656.2,2828.9,2558,0.01112,0.0032981
34532,3663.5,2359.4,1578.3,0.010757,0.0031464
24274,5155.3,1341.6,2638,0.041573,0.0085481
48306,4272.1,2925.7,2923.1,0.018011,0.0073695
38017,4651.4,2159.7,1522.4,0.025357,0.0081658
49519,4201.7,2116,2825.5,0.017051,0.0071522
39994,2518.5,2179.6,1209.2,0.0029476,0.00099857
41316,2128.5,1116.1,2047.7,0.0020436,0.00071522
38548,3938.5,1704.6,2827.5,0.014216,0.0046419
48564,5246.2,1482,2053.6,0.037123,0.015271
34455,4343.1,2548.2,2385.2,0.020271,0.0059163
46248,4331.6,2380.1,1568.9,0.018361,0.0071928
34279,2260.6,2591.8,1829,0.0025242,0.00073295
37797,3775.9,2887.5,1260.7,0.011765,0.0037668
46544,4970.3,1625,2299.3,0.030709,0.012107
39875,5682.4,1690.6,2484.9,0.053323,0.018011
49131,5044.1,1059.2,1214,0.032691,0.013605
21979,4310.5,1451,1741.1,0.022488,0.0041868
24707,2754.4,2760.5,1409.3,0.0046374,0.00097052
32309,5182.9,2331.9,1429,0.038437,0.010519
31326,2139.5,1034.9,2055.4,0.0024438,0.00064847
43562,2775.9,1591.3,1746.9,0.003899,0.0014387
38405,5441.2,2933.8,2869.3,0.045595,0.014833
41551,4754.5,2953.4,2798.8,0.027301,0.0096088
29974,4441,2104.2,1531.4,0.022819,0.0057938
23068,4216.4,1306.8,2800,0.02056,0.0040173
37867,5269.8,2274.1,2970.9,0.040173,0.012885
30527,5931.7,1226.9,1223.3,0.066582,0.017217
20233,4206.2,1787.9,2080.5,0.02127,0.0036452
41952,3644.6,2778.4,2574.5,0.010487,0.0037265
42212,5911.9,2998.9,1486.7,0.060273,0.021552
35397,3149.7,2835.4,1313.7,0.0062551,0.0018755
27726,3453,2910,1461.6,0.0093668,0.0021998
29184,2608.8,2713.2,1668,0.0039583,0.00097853
23366,4718.2,1762.2,1148.4,0.030232,0.0059836
41011,3018.5,2449.6,1817.1,0.0053247,0.0018497
24972,2922.5,1183.9,2964.1,0.0066758,0.0014121
30899,3547,1303.8,1017.9,0.0097681,0.0025567
36520,2689.1,1447.1,1647.3,0.0039556,0.0012236
24669,3874,2534.7,1143.2,0.014414,0.0030119
31934,2934.8,1497.3,1228.2,0.0050626,0.0013694
42046,3118.5,2469.5,2863.2,0.0063684,0.0022681
20192,3596.4,2895,2670.2,0.012834,0.0021951
41364,5713.9,1361.5,2682,0.053075,0.018596
42956,4387.5,1970.7,2902.3,0.020416,0.0074286
45814,4395.4,1149.6,1262.3,0.019595,0.0076043
39910,4844.3,2011.6,1108.9,0.029252,0.0098891
44850,5685.9,1735.9,1790.7,0.051296,0.019488
37261,3590.4,1405.3,1559.1,0.0098399,0.0031057
44758,5259.7,2141.5,1083.1,0.03948,0.014968
20152,3280.3,1958.5,2246.5,0.0094516,0.0016134
47440,4179.4,1422.9,2896.5,0.016721,0.0067193
43915,4373.7,2343.4,2076.6,0.019881,0.0073956
49744,4842.5,2843.9,1583.2,0.028258,0.011907
44655,3435.6,1720.5,2184.8,0.0082254,0.0031113
21359,2909.5,2809.9,1441.6,0.005895,0.0010665
31461,2732.6,1617.9,1900.2,0.0042652,0.0011367
42748,2012.6,1061.4,2739.3,0.0020212,0.00073189
37235,2361.4,2100.3,2209.8,0.0029065,0.00091672
47031,5999.3,1268.4,2165.8,0.062144,0.024757
26062,3424.9,1380.1,2460.9,0.0098109,0.0021659
30323,5890.8,1545.4,1378.3,0.064974,0.016689
47973,3436.1,1559.8,2400,0.0081179,0.0032988
29299,4027.5,1956.3,2280.2,0.015907,0.0039478
42601,4438.6,2635.6,1197.4,0.020539,0.0074115
37460,5533.7,1536.5,2702.6,0.050164,0.015918
44586,4695.6,2966.8,2309.7,0.025274,0.009545
40889,2693.7,2640.7,2419.4,0.0040849,0.0014148
30633,5190.7,2232.7,2934,0.038734,0.010051
43703,5594.5,2740.5,1457,0.048013,0.017774
22612,4641.6,1415.7,1331.7,0.028671,0.0054915
36177,3967.1,2283.9,2041,0.014141,0.0043334
39639,3650.2,1745.9,2507.9,0.010539,0.0035387
43883,2433.1,2252.9,2611.8,0.0029847,0.0011094
23626,2700.1,2869.5,1604.4,0.0048889,0.00097839
47682,2617.6,2633.4,2037.7,0.0033454,0.0013512
40076,3849.7,2745.4,1953.8,0.012524,0.0042514
34588,5223.6,2878.6,2736,0.040819,0.011959
49588,4833.7,1595.6,1336.4,0.028054,0.011784
32881,3515.9,1357.6,1954.7,0.0095798,0.0026681
46082,4004.6,2774.4,2811.9,0.014432,0.0056334
25929,2553.1,2770.4,2493.8,0.0044608,0.00097974
41840,2987.8,2361.6,1189.8,0.0049071,0.0017391
24343,4305.3,1581.4,1039.5,0.020403,0.004207
31400,4043.4,1142,1822,0.015741,0.0041868
37789,5488.9,2701.8,1377.5,0.047485,0.0152
49798,5087.1,2298.8,1822.8,0.033919,0.014308
31014,5391.4,1142.8,2422,0.043895,0.011532
33849,4158.2,2872.2,2984.8,0.017953,0.0051474
23153,2726.1,2282,2073,0.0050334,0.00098715
25816,4401.8,2582.8,1860.2,0.02205,0.0048217
45330,5752.2,1067.1,2085.7,0.053539,0.020557
27382,3574.1,1841.2,1120.4,0.010406,0.0024136
25633,3968.2,2936.1,1704.7,0.015791,0.0034287
25094,5734.9,1915.6,2238.5,0.057006,0.012117
26109,5936.2,2267.8,1992.6,0.063958,0.014145
49863,2866.7,1965.7,2655.8,0.0044707,0.0018883
34822,5991.3,2230.6,2465.1,0.063229,0.01865
26391,5001.5,1093.3,2713,0.036417,0.008141
34995,2887.9,1755.9,1942.3,0.004881,0.0014468
43380,2749.8,2325.3,2555.1,0.0040921,0.0015037
33866,3456.7,2509.7,2147.9,0.0091027,0.0026112
35927,5381.1,1661.6,2491.6,0.045259,0.013773
32535,3079.7,2523.2,1553.2,0.0060066,0.0016554
48105,2763.3,1739.7,2596.1,0.0040121,0.0016348
44130,2031.3,1063.8,1922,0.0016844,0.00062965
44234,5924.3,1174.8,1966.1,0.059052,0.022126
48188,3144.5,2988.4,1742.9,0.0058189,0.0023752
22232,4580.4,1831,1241,0.027398,0.0051596
23494,5329,1094.6,2004.5,0.044724,0.0089004
45617,3595.9,1846,2673.9,0.0097503,0.0037675
49461,3137.2,1608.2,2374.2,0.0058829,0.0024647
36485,5691.8,1223.3,2354.2,0.054607,0.016876
23593,2832.8,2426.1,2819,0.0061861,0.0012363
47646,5956.1,2938.5,1799.2,0.061446,0.024799
38267,2454.5,1436.2,1877.9,0.002951,0.00095654
27553,5364.3,1899.4,2812.3,0.047488,0.011083
46515,3256.3,2875.9,1765.4,0.0065888,0.002596
28307,5847.2,1934.5,2045.7,0.063827,0.015304
23551,2241.7,1136.1,2458.7,0.0036519,0.00072853
27338,4661.1,2714.7,2553.3,0.026978,0.0062471
30301,3003.7,2106.2,2479.6,0.006197,0.0015906
22088,2083.6,2438.6,2256.1,0.0030459,0.00056989
29656,3324.2,1999.1,2888.3,0.0087864,0.0022072
39575,2258.2,2414.7,1516.6,0.0022314,0.00074803
35535,3780.8,2463.1,1058.2,0.01178,0.0035459
41678,3862.7,1076.9,2207.6,0.012519,0.0044197
42430,4989.4,2655.4,1883.5,0.03277,0.011778
27502,2107.7,1319.2,2765.6,0.0030507,0.00071067
32599,5852,1889.6,1394.4,0.059129,0.016327
30472,4711.9,2393,2154.5,0.028165,0.0072697
23535,3831.6,2257.6,1986.2,0.014396,0.00287
45851,5013.3,1443.2,2700.6,0.031881,0.012382
47559,4348.9,1435.6,1182,0.018418,0.0074196
43865,2298.4,2720.5,1850.9,0.0023415,0.00087001
32181,2510,1504,2126.1,0.0035447,0.00096625
33993,2121.2,2550.4,1104.5,0.0019526,0.00056222
36167,2499.8,1523.8,1464.6,0.003065,0.00093899
36442,2973.4,2032.8,2449.5,0.0055083,0.0017004
23334,2708.9,2031.9,2878.5,0.0055981,0.0011065
21405,5028.8,1445.5,1625.2,0.036611,0.0066382
32628,4108.2,1504.6,2400.7,0.016899,0.0046707
22319,5193.2,2581.1,2211.8,0.041022,0.0077555
44991,4760.8,1802.2,1151.3,0.026132,0.0099589
30789,5100.8,2545.1,2489.7,0.036315,0.009471
29806,5303.2,2711.5,2358.9,0.041951,0.010591
31297,3691.6,2737.1,2910.3,0.012295,0.0032595
34858,5698.4,2041.4,2728.2,0.053452,0.015783
21684,5635.9,1607,1471.5,0.05548,0.010191
45380,5867.4,2750.9,1618.1,0.0568,0.021833
31095,3172.4,1553.4,1885.7,0.0069118,0.0018205
45742,4788.3,2616.7,2443.1,0.027211,0.010543
21057,2067.1,1430,2677.5,0.0034978,0.00062389
29828,2877.4,2474.7,2043.9,0.0052011,0.0013141
35583,4261.7,1373.9,2336.3,0.01906,0.0057449
45650,2483.8,1709.1,1686.6,0.0027774,0.001074
36821,2606.1,2334.3,2160.5,0.0037371,0.0011656
25859,5466.6,1037.9,1046.1,0.049809,0.01091
47144,4924,1126.3,1481.5,0.029762,0.011885
20247,5626.3,1795.3,2830.6,0.059573,0.010217
40984,5524.2,1835.7,2967.3,0.046468,0.016131
32218,4937,1797.6,1502.7,0.032856,0.0089665
31198,5501.3,1781.4,1001.8,0.046819,0.012373
21082,3239.7,2398.8,2758.2,0.0094364,0.0016851
24374,5236.5,1759.8,2201.3,0.043344,0.0089489
36831,3422.4,1078.1,1113.7,0.0081499,0.0025427
46856,4491.5,1554.3,2414.6,0.021496,0.0085319
31047,5694.1,2948.8,2995.2,0.055446,0.014582
41695,3884.8,1866.4,2748.1,0.013039,0.0046053
38535,2255.7,1105.1,2522.1,0.0026552,0.00086669
23723,4687.7,1887.3,2992.7,0.030782,0.0061856
27177,3921.3,1658.4,2217.3,0.015101,0.0034763
24470,4153.5,2613.7,1909.6,0.018377,0.0038092
41783,3095.3,1905.7,2202.2,0.0059074,0.0020908
44318,5868.7,1597,1835,0.056811,0.021327
28811,2038.5,1323.9,2466.1,0.0025286,0.00061708
21994,3759.2,1895.3,2953.7,0.014541,0.002709
41330,3126.2,2724.9,1917.4,0.0059931,0.0020981
26198,2566.7,1869.5,1771.4,0.0040483,0.00089835
40710,2076.5,2263.5,1353,0.0017089,0.00058928
20967,4645.7,1418,1905.6,0.02897,0.0051452
34195,2088.5,1489.3,1721.6,0.0020327,0.00058877
48939,3859.8,1386.9,1473.4,0.011881,0.004925
40458,5818.6,2995.5,2716.9,0.058732,0.020128
32916,3895.8,2679.3,2462.4,0.01422,0.0039649
44665,3075.1,1638.2,1871,0.0055104,0.0020848
20942,5514.4,2867.6,2373.8,0.052693,0.0093475
36307,2901.4,2521,1670.2,0.0047802,0.0014701
36266,2546.8,1824.5,2332.1,0.0035902,0.0011029
38930,4604.1,2139.2,2395.5,0.024888,0.0082073
29764,4417.6,2124.5,2189.9,0.022723,0.0057289
44074,3197.7,1518,1145.5,0.0061533,0.0022972
29082,5769.9,2365.4,2236.6,0.061526,0.015156
47299,3926.5,2051.3,1283,0.012847,0.0051472
29262,2843.7,1154,2793.1,0.0055623,0.0013787
31747,3961.1,1242.1,1219.1,0.01451,0.0039021
26420,2218.3,1556.7,2469.8,0.003298,0.00073808
34883,5539.8,2782.5,1254.4,0.048736,0.0144
46338,4128.8,1225.2,2727.9,0.015929,0.0062522
28058,4501.6,1327.8,1477.7,0.023762,0.0056476
46430,5863,2371.4,1061.4,0.057326,0.022546
26523,4174.7,1962,1584.8,0.018568,0.0041716
46060,5716.7,2431.9,2334.6,0.05332,0.020803
26378,2068.6,1369.3,2977.9,0.0032215,0.00071982
32554,2423.5,2442,1873.2,0.0030779,0.00084872
39148,5704.9,2375.7,1361.3,0.054835,0.018184
45204,2979.5,1589.5,2105.4,0.0050329,0.0019272
21722,3351.4,2464.2,1002.3,0.0091228,0.0016786
32701,2404.5,1470,2841.7,0.003556,0.00098501
48622,5167,2216.3,1611.4,0.035098,0.014456
26970,5822.7,2291.4,1160.2,0.061476,0.014044
47754,3867.1,2348.1,1664.5,0.012066,0.0048806
42988,4830.8,2446.8,1343.6,0.027912,0.010164
38204,5104.3,2837.7,2548.1,0.034865,0.011283
42825,2165.9,2662.4,2687.5,0.0023823,0.00086418
26802,4880,2239.3,2130.7,0.032018,0.0072689
33123,2110.6,1878.1,2551.5,0.0025518,0.00071596
37607,2374.9,1984.4,2988.2,0.0032708,0.0010419
48659,2055.1,2416.5,1532.3,0.0015551,0.00064096
47334,3542,2499.5,2153.2,0.0090548,0.0036305
47699,2899.6,1666,1713,0.0043786,0.0017691
49913,4524.2,2625.1,2593.1,0.021616,0.0091391
29567,4243.3,1052.3,2501.3,0.019551,0.0048965
30651,4223.9,2168.3,2194,0.018506,0.0048046
28260,5664.8,2254.2,1450.1,0.05722,0.013697
20121,4360,1249.8,1862.6,0.023743,0.0040466
35158,3579.4,1107.4,1116,0.009803,0.0029195
40347,5679.9,1716.3,2858.5,0.052863,0.018066
32953,5651.2,1572.5,1757.2,0.051103,0.014264
20011,3767.4,1073.9,1802.6,0.014329,0.0024288
35464,2790.4,1309.4,1093.9,0.0040873,0.0012278
26663,3641.3,2470.4,1052.1,0.011093,0.0025053
42780,4192,2182,2979.9,0.017529,0.0063521
27698,5038.4,2305.6,1293.5,0.035262,0.0082732
39453,4362.3,1173.9,2255.2,0.019587,0.006546
49947,5597.6,2220.6,2643.9,0.048072,0.020338
37379,4704.5,1022,2049.2,0.026423,0.0083663
34663,2394.7,1499.4,2304,0.0030628,0.00089929
27095,5830.7,1264.1,1178.4,0.061871,0.0142
36107,5948.4,2563.2,1398.2,0.061261,0.018737
25956,2981.2,2888.3,2100.9,0.0061913,0.0013613
36232,2228.5,2708.2,1294.2,0.0022555,0.00069224
47104,3374.4,1974.9,1289.6,0.007338,0.0029279
29513,4045.2,2593.1,1580,0.015766,0.0039415
32726,3905.4,2009.5,2535.4,0.014402,0.0039924
45386,5267.5,1584.7,1564.3,0.039336,0.015123
48853,5427.2,1211.3,2696,0.042703,0.017671
25155,3044.9,2163.9,2139.5,0.006753,0.0014389
23397,4014.2,2109.8,1307,0.016272,0.0032249
48806,4712.3,2367,2771.5,0.025807,0.010669
35077,4133.9,2341.9,2120.6,0.017053,0.0050668
38686,5025.1,1344.5,2291.6,0.032897,0.01078
46594,3903.6,2067.3,1976,0.012859,0.0050753
36322,2965.4,2119.2,2378,0.005432,0.0016713
23466,2041.1,1325.1,1131.6,0.0021744,0.00043221
47187,4450.4,1950.2,2425,0.020563,0.0082192
41289,4659.6,1456.1,2806.4,0.025176,0.0088051
21171,3751.5,1359.8,2427.6,0.014093,0.0025273
33593,3986.2,1240,1066.5,0.014782,0.0042062
26161,4269.3,1417.1,1296.6,0.019856,0.0044001
47839,3854.3,1726.9,1867.8,0.01196,0.0048467
28336,2526,2045.9,2142.6,0.0038672,0.0009282
48135,3525.6,1946.8,2719.7,0.0090986,0.0037098
40919,3518.6,2525.6,1012.8,0.0088555,0.0030694
39027,5468.8,1520.3,1899.1,0.045512,0.015045
25128,2831.8,2905.2,1600.5,0.0051004,0.0010856
44354,3037.1,1853.5,1675.1,0.0052379,0.0019679
40143,5472.9,1728.8,1195.9,0.044521,0.015139
44979,3248.6,2229.7,2913.1,0.0070841,0.002699
43547,3393.9,2901.8,2710.7,0.0081534,0.0030076
24543,4183.2,2024.9,1051.3,0.018423,0.00383
28682,3842.8,2538.8,2909.6,0.014087,0.0034224
34057,3988.4,2704.4,1281.2,0.014749,0.0042548
27743,5139,2695.3,2017.2,0.03863,0.009078
20703,2005.1,2278.3,2070.8,0.0027848,0.00048836
37565,5773.9,2089.2,1737.6,0.057485,0.018291
30885,5460.9,2440.5,1019.9,0.045697,0.011955
26848,5419.3,1439.5,1020.2,0.048728,0.011082
21516,5993.4,2000.2,1934.7,0.073056,0.013315
46637,5493.9,1669.9,1793.5,0.046609,0.018413
38789,4804.2,1730,1755.7,0.028466,0.0093528
29464,2171.6,1232,2732.1,0.0030953,0.00077254
27600,3674.3,1922,1088.7,0.011342,0.0026517
38270,4507.1,1808.9,2367.8,0.023044,0.0074701
39925,5660.9,1054,1777.2,0.052067,0.017608
23656,3669.2,2073,1542.9,0.01228,0.0024608
30059,4060.9,2529.1,1090.7,0.015721,0.0040028
49982,3739.9,2519.6,1466.2,0.010693,0.0045272
27124,4493,2577,1527.1,0.023447,0.0053871
20596,4549.6,1371.5,1284.3,0.026775,0.0046713
28115,2302,2152.9,2572.1,0.0034247,0.00081559
41083,4510.1,2437.4,1694.4,0.021696,0.00755
46558,3109.4,2093.5,2261.5,0.0057993,0.0022871
32809,4624.1,1508.6,2451.8,0.025579,0.0071086
30604,3548.9,1686.6,1424.8,0.0099798,0.0025871
36126,5607.9,1815.6,1923.8,0.051688,0.015817
34287,5272.2,1332.4,2379.2,0.041769,0.012131
38099,2697.7,1533.2,2481.9,0.0042499,0.0013715
25400,2290.3,1176.5,1509.1,0.002957,0.00063623
31854,2016.7,1209,1345,0.0017996,0.00048556
22796,4389.1,2785.4,1383.5,0.023278,0.0044949
29927,2020.7,1199.8,1622.9,0.0019733,0.00050022
43616,5792,2006.5,2248.4,0.054345,0.020078
39609,5579.8,1012,1452.3,0.049026,0.016449
36225,2431.3,1909.3,1086.9,0.0027032,0.00082946
44161,4466.9,2268.3,1236.8,0.021134,0.0079057
30559,5569.5,1881.7,2990.1,0.051072,0.01322
42287,2456.7,1987.4,2928.1,0.0033074,0.0011847
39232,2521.5,2589.6,1903.6,0.0031819,0.0010574
35239,3309.2,2660.2,1455.9,0.0074269,0.0022169
28486,5076.1,2027.2,2487.9,0.036258,0.0087488
49843,4323.4,1024,1064.3,0.018231,0.0076972
27497,5454.1,1706.8,1881.7,0.050257,0.011706
33268,3182.6,1685.2,2476.4,0.0070954,0.0019995
38586,4667.4,1019.7,1726,0.025785,0.0084276
47000,2718.3,2352.4,2857.3,0.0039791,0.0015841
40589,4729.3,2622.3,1081.5,0.02661,0.0091486
32867,5351.5,1479.2,2537.8,0.043035,0.011981
46036,4590.4,2570.3,1606.6,0.023455,0.0091464
45165,2489.3,2376.6,2392.1,0.0030454,0.0011651
34727,2622.3,2902.3,1127.2,0.0035565,0.0010462
40321,2560.1,1001.7,1159.4,0.0030924,0.0010562
